{"mean":{"confidence_interval":{"confidence_level":0.95,"lower_bound":766706.3798147492,"upper_bound":774909.3723218563},"point_estimate":771043.0182077859,"standard_error":2103.2944246856823},"median":{"confidence_interval":{"confidence_level":0.95,"lower_bound":762520.1637931034,"upper_bound":775565.4815270936},"point_estimate":774509.1413793103,"standard_error":3311.838907824552},"median_abs_dev":{"confidence_interval":{"confidence_level":0.95,"lower_bound":486.745666013662,"upper_bound":10648.62065451235},"point_estimate":2967.5174861450814,"standard_error":2915.0804243723783},"slope":{"confidence_interval":{"confidence_level":0.95,"lower_bound":772335.0104442971,"upper_bound":777300.5365511202},"point_estimate":775141.1602776534,"standard_error":1307.6799128977111},"std_dev":{"confidence_interval":{"confidence_level":0.95,"lower_bound":2451.031266371628,"upper_bound":8219.129684038333},"point_estimate":7013.378632023809,"standard_error":1249.741095314907}}