{"mean":{"confidence_interval":{"confidence_level":0.95,"lower_bound":216799666.6,"upper_bound":238931063.53083333},"point_estimate":226868097.8666667,"standard_error":5684628.418743212},"median":{"confidence_interval":{"confidence_level":0.95,"lower_bound":212744746.0,"upper_bound":239684846.8333333},"point_estimate":220311459.33333334,"standard_error":6622385.578255812},"median_abs_dev":{"confidence_interval":{"confidence_level":0.95,"lower_bound":3106345.441651337,"upper_bound":28843672.130322464},"point_estimate":15890132.161393762,"standard_error":6793096.767036167},"slope":null,"std_dev":{"confidence_interval":{"confidence_level":0.95,"lower_bound":7318376.779775278,"upper_bound":25330054.24434817},"point_estimate":18992559.533318892,"standard_error":4830204.273951377}}