{"mean":{"confidence_interval":{"confidence_level":0.95,"lower_bound":210979452.02,"upper_bound":233213548.13333336},"point_estimate":220620381.23333335,"standard_error":5664979.860863354},"median":{"confidence_interval":{"confidence_level":0.95,"lower_bound":209818663.83333334,"upper_bound":233739329.3333333},"point_estimate":211867135.6666667,"standard_error":5337628.207634347},"median_abs_dev":{"confidence_interval":{"confidence_level":0.95,"lower_bound":768979.8812478929,"upper_bound":28207982.928708225},"point_estimate":3460780.980458848,"standard_error":5405840.298160953},"slope":null,"std_dev":{"confidence_interval":{"confidence_level":0.95,"lower_bound":2667458.2062255144,"upper_bound":23806249.021328855},"point_estimate":18898656.259870112,"standard_error":5607602.031778681}}