{"mean":{"confidence_interval":{"confidence_level":0.95,"lower_bound":205346136.4608333,"upper_bound":225258703.25},"point_estimate":214338563.06666666,"standard_error":5127089.119207538},"median":{"confidence_interval":{"confidence_level":0.95,"lower_bound":204365155.3333333,"upper_bound":227349686.3333333},"point_estimate":207530407.3333333,"standard_error":4976849.061053451},"median_abs_dev":{"confidence_interval":{"confidence_level":0.95,"lower_bound":1093079.9419939665,"upper_bound":25483003.46598626},"point_estimate":7194250.643676527,"standard_error":5756480.294461186},"slope":null,"std_dev":{"confidence_interval":{"confidence_level":0.95,"lower_bound":4653264.002813194,"upper_bound":21840992.454900537},"point_estimate":17146925.771993663,"standard_error":4415329.444966385}}