{"mean":{"confidence_interval":{"confidence_level":0.95,"lower_bound":212932817.0741667,"upper_bound":235456022.54583335},"point_estimate":221448078.26666665,"standard_error":6343294.719933529},"median":{"confidence_interval":{"confidence_level":0.95,"lower_bound":211966076.8333333,"upper_bound":220562990.6666667},"point_estimate":213625321.83333334,"standard_error":2927256.6303795045},"median_abs_dev":{"confidence_interval":{"confidence_level":0.95,"lower_bound":253505.32169938087,"upper_bound":11196511.481422216},"point_estimate":3360564.14103806,"standard_error":3276717.5642215493},"slope":null,"std_dev":{"confidence_interval":{"confidence_level":0.95,"lower_bound":2284397.6336072604,"upper_bound":32259070.889191177},"point_estimate":21073402.3281703,"standard_error":10041454.200604219}}