{"mean":{"confidence_interval":{"confidence_level":0.95,"lower_bound":203308697.63333336,"upper_bound":221252970.46583334},"point_estimate":211956266.00000003,"standard_error":4599347.543704436},"median":{"confidence_interval":{"confidence_level":0.95,"lower_bound":197251580.0,"upper_bound":223608482.3333333},"point_estimate":211574822.8333333,"standard_error":6179018.174465289},"median_abs_dev":{"confidence_interval":{"confidence_level":0.95,"lower_bound":1941433.5309326649,"upper_bound":27127101.819297664},"point_estimate":15353838.438814871,"standard_error":6562086.11685981},"slope":null,"std_dev":{"confidence_interval":{"confidence_level":0.95,"lower_bound":8313626.961817705,"upper_bound":19327839.54588701},"point_estimate":15344381.859826878,"standard_error":2874142.174827009}}