{"mean":{"confidence_interval":{"confidence_level":0.95,"lower_bound":187574213.9,"upper_bound":207960766.23583332},"point_estimate":196377797.63333336,"standard_error":5162104.2643613},"median":{"confidence_interval":{"confidence_level":0.95,"lower_bound":185939072.16666666,"upper_bound":210146559.0},"point_estimate":189793521.5,"standard_error":4745219.542172161},"median_abs_dev":{"confidence_interval":{"confidence_level":0.95,"lower_bound":526671.1545497106,"upper_bound":26568658.05311206},"point_estimate":3606754.8086672947,"standard_error":4510775.691185418},"slope":null,"std_dev":{"confidence_interval":{"confidence_level":0.95,"lower_bound":2862692.456777797,"upper_bound":21633367.846771874},"point_estimate":17244631.180855896,"standard_error":5092357.903210888}}