{"mean":{"confidence_interval":{"confidence_level":0.95,"lower_bound":193977543.86666667,"upper_bound":219662190.63666663},"point_estimate":204599692.7,"standard_error":6770666.717097988},"median":{"confidence_interval":{"confidence_level":0.95,"lower_bound":192354357.66666666,"upper_bound":209981532.5},"point_estimate":193659563.8333333,"standard_error":4888275.609574086},"median_abs_dev":{"confidence_interval":{"confidence_level":0.95,"lower_bound":229846.23841939884,"upper_bound":21823786.36305034},"point_estimate":3244654.722195827,"standard_error":6184211.24200882},"slope":null,"std_dev":{"confidence_interval":{"confidence_level":0.95,"lower_bound":2830417.8248915416,"upper_bound":33130572.888701953},"point_estimate":22634380.567212034,"standard_error":8617922.06867182}}