{"mean":{"confidence_interval":{"confidence_level":0.95,"lower_bound":205781136.13916668,"upper_bound":225348928.87916663},"point_estimate":215035954.4333333,"standard_error":5014941.884277749},"median":{"confidence_interval":{"confidence_level":0.95,"lower_bound":200698958.0,"upper_bound":228943361.1666667},"point_estimate":211347136.3333333,"standard_error":6610378.175984479},"median_abs_dev":{"confidence_interval":{"confidence_level":0.95,"lower_bound":2815576.4522135183,"upper_bound":28585835.886999965},"point_estimate":15898152.78015136,"standard_error":6554888.246966168},"slope":null,"std_dev":{"confidence_interval":{"confidence_level":0.95,"lower_bound":7682639.687474694,"upper_bound":20950665.729090936},"point_estimate":16739640.024982035,"standard_error":3394267.01136469}}