{"mean":{"confidence_interval":{"confidence_level":0.95,"lower_bound":203266964.13333333,"upper_bound":227674654.07583332},"point_estimate":215059662.16666666,"standard_error":6259722.707125178},"median":{"confidence_interval":{"confidence_level":0.95,"lower_bound":195595674.3333333,"upper_bound":230603091.5},"point_estimate":214907649.5,"standard_error":10714298.16291933},"median_abs_dev":{"confidence_interval":{"confidence_level":0.95,"lower_bound":1379070.511716619,"upper_bound":38527700.60009658},"point_estimate":27916453.118383884,"standard_error":9393664.09989983},"slope":null,"std_dev":{"confidence_interval":{"confidence_level":0.95,"lower_bound":12478134.82769807,"upper_bound":26093168.5463234},"point_estimate":20842320.25657224,"standard_error":3642129.4251936274}}