{"mean":{"confidence_interval":{"confidence_level":0.95,"lower_bound":198741114.00833336,"upper_bound":225119834.3},"point_estimate":209245034.6333333,"standard_error":7113598.555125111},"median":{"confidence_interval":{"confidence_level":0.95,"lower_bound":197298789.0,"upper_bound":213651052.8333333},"point_estimate":200447597.83333334,"standard_error":4154831.0080770184},"median_abs_dev":{"confidence_interval":{"confidence_level":0.95,"lower_bound":891583.4860712216,"upper_bound":19426614.69650866},"point_estimate":6979056.1994969845,"standard_error":4942578.625402914},"slope":null,"std_dev":{"confidence_interval":{"confidence_level":0.95,"lower_bound":3816219.826105809,"upper_bound":35579793.158812255},"point_estimate":23694012.683849875,"standard_error":9958074.79423668}}