{"mean":{"confidence_interval":{"confidence_level":0.95,"lower_bound":241397509.9,"upper_bound":272084779.15},"point_estimate":254368700.45,"standard_error":8081319.340903857},"median":{"confidence_interval":{"confidence_level":0.95,"lower_bound":238714486.0,"upper_bound":266514963.0},"point_estimate":243931903.25,"standard_error":6682791.838463256},"median_abs_dev":{"confidence_interval":{"confidence_level":0.95,"lower_bound":381602.7007251978,"upper_bound":33360421.22798413},"point_estimate":9872240.706382692,"standard_error":7974147.958353798},"slope":null,"std_dev":{"confidence_interval":{"confidence_level":0.95,"lower_bound":4377184.229375358,"upper_bound":39294735.58215365},"point_estimate":26991393.776284043,"standard_error":9659171.726825943}}