{"mean":{"confidence_interval":{"confidence_level":0.95,"lower_bound":8491.039469686804,"upper_bound":8567.519046315741},"point_estimate":8526.78694772461,"standard_error":19.674039998955045},"median":{"confidence_interval":{"confidence_level":0.95,"lower_bound":8481.001675120546,"upper_bound":8579.196707683637},"point_estimate":8509.373723531306,"standard_error":20.625520225100836},"median_abs_dev":{"confidence_interval":{"confidence_level":0.95,"lower_bound":12.058002808190487,"upper_bound":108.73457629848768},"point_estimate":42.178247024999216,"standard_error":24.561532561847976},"slope":{"confidence_interval":{"confidence_level":0.95,"lower_bound":8501.676991593871,"upper_bound":8543.624374468563},"point_estimate":8518.93428859324,"standard_error":10.709536643494117},"std_dev":{"confidence_interval":{"confidence_level":0.95,"lower_bound":25.52744636399892,"upper_bound":83.7724031134821},"point_estimate":65.79586170407862,"standard_error":14.720653379219245}}