{"mean":{"confidence_interval":{"confidence_level":0.95,"lower_bound":181749.7203077597,"upper_bound":185505.20367410715},"point_estimate":183775.82921610985,"standard_error":968.0801200693743},"median":{"confidence_interval":{"confidence_level":0.95,"lower_bound":182397.9080141129,"upper_bound":186169.0052419355},"point_estimate":183805.32258064515,"standard_error":1028.927681221514},"median_abs_dev":{"confidence_interval":{"confidence_level":0.95,"lower_bound":657.9019946707128,"upper_bound":4857.464861565214},"point_estimate":2736.551015882248,"standard_error":1059.8999792667382},"slope":{"confidence_interval":{"confidence_level":0.95,"lower_bound":179338.35744394813,"upper_bound":185832.4422392124},"point_estimate":182361.7465333054,"standard_error":1734.68389712933},"std_dev":{"confidence_interval":{"confidence_level":0.95,"lower_bound":1425.8009782850377,"upper_bound":4455.724212279659},"point_estimate":3220.0613151316916,"standard_error":868.9642678962431}}