{"mean":{"confidence_interval":{"confidence_level":0.95,"lower_bound":4148410.2105102045,"upper_bound":4406548.800306122},"point_estimate":4268720.321252835,"standard_error":66458.62326693973},"median":{"confidence_interval":{"confidence_level":0.95,"lower_bound":4097263.166666667,"upper_bound":4422078.952380952},"point_estimate":4204081.771825396,"standard_error":92273.60441228122},"median_abs_dev":{"confidence_interval":{"confidence_level":0.95,"lower_bound":27791.667444099225,"upper_bound":343335.0039295857},"point_estimate":178581.28630038106,"standard_error":86277.43711791307},"slope":{"confidence_interval":{"confidence_level":0.95,"lower_bound":4138919.120300752,"upper_bound":4412656.410068798},"point_estimate":4261759.483982684,"standard_error":69046.95610028217},"std_dev":{"confidence_interval":{"confidence_level":0.95,"lower_bound":96686.98274834335,"upper_bound":275450.6035787253},"point_estimate":220709.54228681122,"standard_error":44234.09212313338}}