{"mean":{"confidence_interval":{"confidence_level":0.95,"lower_bound":8335727.758920635,"upper_bound":8636403.937238095},"point_estimate":8503388.953420635,"standard_error":77503.33642399833},"median":{"confidence_interval":{"confidence_level":0.95,"lower_bound":8360110.35,"upper_bound":8659077.448214285},"point_estimate":8573848.425555555,"standard_error":65067.53130394628},"median_abs_dev":{"confidence_interval":{"confidence_level":0.95,"lower_bound":13886.410240133113,"upper_bound":337147.69664043223},"point_estimate":146048.98902594644,"standard_error":101508.77633595026},"slope":{"confidence_interval":{"confidence_level":0.95,"lower_bound":8473195.802025707,"upper_bound":8719435.193584071},"point_estimate":8605888.947532468,"standard_error":64001.687753637874},"std_dev":{"confidence_interval":{"confidence_level":0.95,"lower_bound":91342.40911599564,"upper_bound":364007.54172530846},"point_estimate":257581.06410484237,"standard_error":79026.51217380007}}