{"mean":{"confidence_interval":{"confidence_level":0.95,"lower_bound":24795137.394206353,"upper_bound":27613757.05402306},"point_estimate":26007644.51344246,"standard_error":730044.8790409467},"median":{"confidence_interval":{"confidence_level":0.95,"lower_bound":24532366.714285713,"upper_bound":27163378.9375},"point_estimate":24930337.793402776,"standard_error":700980.8707798573},"median_abs_dev":{"confidence_interval":{"confidence_level":0.95,"lower_bound":130120.68320989498,"upper_bound":2846577.401450649},"point_estimate":1108789.320611511,"standard_error":825597.1342959224},"slope":{"confidence_interval":{"confidence_level":0.95,"lower_bound":24516112.84582816,"upper_bound":26141972.37280702},"point_estimate":25001911.005844157,"standard_error":431043.4840432793},"std_dev":{"confidence_interval":{"confidence_level":0.95,"lower_bound":699713.2683907541,"upper_bound":3459523.022791087},"point_estimate":2435448.7664154572,"standard_error":795210.9047396724}}