{"mean":{"confidence_interval":{"confidence_level":0.95,"lower_bound":53786.62255455351,"upper_bound":54584.24518140681},"point_estimate":54186.82004653488,"standard_error":204.06333463541432},"median":{"confidence_interval":{"confidence_level":0.95,"lower_bound":53623.730337078654,"upper_bound":54947.20121230042},"point_estimate":54136.41226098956,"standard_error":277.6168137701718},"median_abs_dev":{"confidence_interval":{"confidence_level":0.95,"lower_bound":58.450692959930684,"upper_bound":1254.26490506085},"point_estimate":831.811911536351,"standard_error":336.1113142544295},"slope":{"confidence_interval":{"confidence_level":0.95,"lower_bound":54037.190394165234,"upper_bound":54672.44358124802},"point_estimate":54296.146987489155,"standard_error":164.0131441529231},"std_dev":{"confidence_interval":{"confidence_level":0.95,"lower_bound":395.743857501157,"upper_bound":842.4038927865452},"point_estimate":679.7722890844806,"standard_error":114.22237835138108}}