{"mean":{"confidence_interval":{"confidence_level":0.95,"lower_bound":38747.33984037848,"upper_bound":39555.57324611231},"point_estimate":39128.5568383215,"standard_error":207.71928947595848},"median":{"confidence_interval":{"confidence_level":0.95,"lower_bound":38537.71396482567,"upper_bound":39613.6661987041},"point_estimate":39070.802858171344,"standard_error":266.6363554929248},"median_abs_dev":{"confidence_interval":{"confidence_level":0.95,"lower_bound":100.71259993121632,"upper_bound":1156.1798654564197},"point_estimate":693.8561259018884,"standard_error":282.94823885883403},"slope":{"confidence_interval":{"confidence_level":0.95,"lower_bound":38539.21655208306,"upper_bound":39045.93085247058},"point_estimate":38704.334575748224,"standard_error":131.31296719485638},"std_dev":{"confidence_interval":{"confidence_level":0.95,"lower_bound":320.4958837020245,"upper_bound":880.4103487218374},"point_estimate":693.1289307646916,"standard_error":144.89245051605528}}