{"mean":{"confidence_interval":{"confidence_level":0.95,"lower_bound":194712082.3508333,"upper_bound":217603361.66666666},"point_estimate":204469325.79999998,"standard_error":5953122.27884962},"median":{"confidence_interval":{"confidence_level":0.95,"lower_bound":193270751.0,"upper_bound":214367824.16666666},"point_estimate":194286471.3333333,"standard_error":4921343.96106859},"median_abs_dev":{"confidence_interval":{"confidence_level":0.95,"lower_bound":164467.28608010727,"upper_bound":23863035.16854644},"point_estimate":3697271.9848602717,"standard_error":5953950.823460525},"slope":null,"std_dev":{"confidence_interval":{"confidence_level":0.95,"lower_bound":3477074.9740709146,"upper_bound":27942152.082079716},"point_estimate":19890258.19588232,"standard_error":6783933.08682056}}