{"mean":{"confidence_interval":{"confidence_level":0.95,"lower_bound":206924623.36583334,"upper_bound":227853422.83},"point_estimate":215962098.46666664,"standard_error":5439301.2254239945},"median":{"confidence_interval":{"confidence_level":0.95,"lower_bound":203958286.8333333,"upper_bound":224841732.0},"point_estimate":208869758.6666667,"standard_error":4943417.160823693},"median_abs_dev":{"confidence_interval":{"confidence_level":0.95,"lower_bound":942651.6421646028,"upper_bound":21049172.849002495},"point_estimate":8674859.238490507,"standard_error":5730729.2262253435},"slope":null,"std_dev":{"confidence_interval":{"confidence_level":0.95,"lower_bound":4530027.251828646,"upper_bound":25655377.934842676},"point_estimate":18164240.33645909,"standard_error":5944296.552351009}}