{"mean":{"confidence_interval":{"confidence_level":0.95,"lower_bound":202302174.3033333,"upper_bound":219792536.23333335},"point_estimate":209845070.86666664,"standard_error":4534594.450513384},"median":{"confidence_interval":{"confidence_level":0.95,"lower_bound":201360101.5,"upper_bound":217071981.6666667},"point_estimate":203466978.3333333,"standard_error":3795945.609367112},"median_abs_dev":{"confidence_interval":{"confidence_level":0.95,"lower_bound":626630.0215750785,"upper_bound":18953215.088713154},"point_estimate":4539378.885909922,"standard_error":4567614.064974074},"slope":null,"std_dev":{"confidence_interval":{"confidence_level":0.95,"lower_bound":3164641.94221614,"upper_bound":20924760.23975744},"point_estimate":15076874.408849593,"standard_error":4868326.491378282}}